1_gram,count
水,101199
牙,100323
巾,88083
生,85063
膏,82376
洗,82356
紙,78217
髮,76579
口,76341
護,71479
露,71363
素,70911
濕,61724
面,57184
維,56578
油,56506
防,56410
罩,53729
美,53003
潔,51642
寶,46898
眼,42487
理,40813
益,40125
粉,39982
樂,39897
兒,39593
精,37968
液,37817
膜,37550
白,36768
安,36762
舒,36625
高,35881
膚,35549
頭,34030
菌,33703
奶,33415
手,31971
健,31914
藥,31674
曬,31063
特,30722
痛,30629
丸,29865
刷,29567
保,29259
他,29188
人,28499
花,27790
霜,27271
力,26807
雅,26778
褲,26554
衛,26386
貼,26384
潤,25809
肌,25774
命,25643
士,24959
浴,24619
止,24112
清,24062
乳,23549
糖,23186
感,23146
沐,22502
裝,22374
棉,22365
適,22290
滴,22248
康,21992
妝,21907
片,21906
氏,21759
品,21700
草,21531
必,21176
膠,20960
加,20611
之,20270
靈,20008
惠,19623
脫,19494
敏,19180
棒,18727
衣,18498
線,18215
嬰,17947
活,17934
染,17917
墊,16902
唇,16737
黑,16576
華,16400
臣,16392
化,16241
噴,16072
林,15960
日,15950
福,15742
消,15405
茶,14849
童,14818
敦,14685
佳,14563
金,14542
屈,14529
達,14464
幸,14390
酸,14382
絲,14358
營,14344
本,14279
測,14227
鼻,14061
大,13845
霧,13832
用,13520
睡,13459
甲,13042
一,13033
體,13014
黃,13010
倍,12958
血,12854
風,12842
秀,12757
堂,12460
而,12426
多,12383
卸,12383
汗,12372
心,12353
楓,12325
鈣,12042
傷,12020
毛,12016
蟲,11969
泡,11924
熱,11865
劑,11793
巴,11744
拉,11614
食,11601
蚊,11455
抗,11337
曼,11306
魚,11125
爽,11111
雷,11057
小,11016
施,10952
蛋,10939
卡,10785
道,10777
王,10766
咳,10680
香,10677
機,10519
快,10426
強,10408
瘡,10298
電,10243
套,10178
酒,10091
方,10074
斯,10065
效,10020
得,10010
研,9892
皮,9863
海,9825
疤,9821
去,9791
樹,9767
果,9628
動,9585
家,9582
及,9557
布,9524
柔,9494
色,9452
肝,9361
養,9319
漱,9301
牛,9289
速,8987
新,8876
味,8873
原,8858
男,8852
妥,8801
全,8785
仁,8776
包,8746
透,8648
亮,8643
百,8596
無,8592
正,8576
雞,8520
喜,8499
克,8491
粒,8490
牌,8407
身,8386
補,8241
子,8219
能,8176
奇,8133
寧,8108
孕,8090
李,8034
胃,8010
利,7910
德,7800
念,7776
物,7755
发,7736
骨,7675
個,7556
天,7534
雙,7523
修,7435
橙,7364
內,7356
冒,7331
珠,7329
暗,7298
飲,7207
試,7202
痘,7184
喉,7103
除,7065
思,6999
散,6973
元,6968
凝,6955
尿,6919
毒,6818
京,6801
毫,6757
配,6748
女,6729
醫,6728
三,6642
合,6638
淨,6636
紅,6628
芝,6593
慈,6566
黄,6565
行,6544
氣,6457
善,6446
底,6436
和,6430
升,6302
極,6296
然,6229
米,6228
麗,6196
軟,6179
形,6173
定,6143
维,6133
廁,6119
炎,6100
檢,6069
貝,5995
痰,5978
皇,5939
五,5915
古,5882
型,5871
妮,5853
耳,5822
怡,5816
存,5798
萬,5748
鏡,5720
救,5654
通,5646
便,5634
隱,5602
絡,5599
威,5597
疹,5554
芬,5541
倫,5540
成,5470
固,5449
治,5392
都,5382
雪,5336
飛,5315
凡,5263
护,5239
角,5233
療,5155
驅,5149
質,5124
旅,5111
七,5103
隆,5081
指,5067
蘭,5044
立,5009
田,4991
產,4981
雀,4950
詩,4910
滋,4874
巢,4869
丹,4859
壓,4833
眉,4813
儿,4802
馬,4776
光,4766
脂,4758
薄,4746
司,4737
培,4730
菴,4699
專,4698
卓,4694
蜜,4666
優,4633
退,4579
器,4572
學,4558
撒,4548
印,4541
充,4528
密,4515
恩,4496
虎,4447
腳,4385
流,4381
暖,4378
龍,4344
幼,4319
易,4304
明,4304
各,4291
溫,4277
位,4273
條,4271
剃,4271
刀,4265
纖,4204
部,4200
蒸,4176
艾,4133
中,4122
葡,4114
痕,4096
晒,4076
萄,4062
婷,4050
老,4043
母,4024
羅,4014
潘,4011
碧,4008
列,4004
順,4000
冠,3991
鹽,3989
豆,3978
源,3976
磨,3960
愛,3943
比,3929
節,3925
十,3922
筆,3920
國,3920
鬚,3916
太,3909
關,3908
酵,3888
深,3881
添,3844
砂,3808
莓,3784
好,3777
喇,3693
藍,3681
蘆,3663
叭,3655
計,3645
濟,3634
控,3628
澳,3600
胺,3585
森,3577
超,3564
盒,3564
習,3533
同,3529
搓,3526
葉,3496
齒,3494
綿,3492
烏,3488
朱,3480
宝,3423
荷,3409
標,3395
長,3387
肤,3381
木,3371
祛,3366
莎,3349
輕,3345
足,3336
餅,3329
醇,3319
青,3303
私,3295
緻,3285
沙,3282
可,3281
呂,3277
抹,3225
工,3224
夜,3219
薈,3204
仔,3201
啡,3176
層,3161
納,3160
睫,3156
星,3154
药,3154
豐,3152
纸,3144
咖,3137
余,3136
歐,3122
腔,3115
製,3113
紫,3092
根,3091
褪,3089
免,3084
純,3046
激,3036
冰,3018
杜,3016
欣,2993
瑕,2988
遮,2986
沫,2983
鐵,2972
川,2968
滑,2968
顏,2963
驗,2947
齦,2944
囊,2936
吸,2924
幫,2912
性,2911
管,2910
薑,2905
泉,2905
萊,2902
腸,2897
宮,2891
夫,2889
級,2888
緊,2876
衞,2872
乾,2871
婦,2863
羊,2858
波,2855
摩,2835
雲,2816
沖,2812
仙,2806
湿,2804
目,2804
良,2798
袋,2791
斑,2790
萃,2789
有,2785
鞋,2783
涼,2774
公,2760
腦,2737
眠,2722
叮,2708
瑪,2695
竹,2686
四,2685
吉,2674
即,2670
瓶,2664
枇,2663
避,2661
痔,2659
喱,2658
送,2655
灰,2654
洁,2650
啫,2635
山,2632
疫,2630
回,2628
杷,2619
綠,2613
縫,2613
久,2611
度,2609
碼,2595
西,2594
双,2594
肥,2589
零,2578
蜂,2565
月,2558
钙,2554
服,2528
英,2514
泥,2507
路,2501
乐,2499
積,2462
神,2454
淚,2438
塞,2426
麥,2419
經,2410
络,2401
火,2386
燕,2386
減,2375
皂,2339
何,2329
博,2327
藻,2317
信,2315
檸,2303
熊,2277
尚,2258
贴,2252
迷,2248
解,2247
濃,2246
浪,2245
洛,2239
漂,2236
鱼,2235
盈,2230
淡,2226
煥,2226
疣,2220
濾,2216
探,2215
你,2208
復,2201
飞,2200
石,2186
餐,2181
珍,2150
暈,2139
鋅,2134
润,2129
球,2124
楊,2106
棗,2104
南,2103
氧,2102
銀,2101
按,2091
地,2084
自,2075
打,2070
娥,2069
甘,2066
二,2043
盛,2033
發,2032
房,2016
孔,2005
智,2001
婴,1999
蓮,1983
持,1982
檬,1962
媽,1954
年,1953
胶,1951
號,1947
猴,1932
瓜,1932
因,1932
使,1931
針,1929
箱,1887
調,1883
廚,1881
癬,1870
风,1865
餾,1859
購,1848
平,1841
卷,1835
友,1812
貓,1811
前,1805
卵,1803
增,1801
妆,1795
宫,1787
仕,1780
珮,1778
雜,1775
拿,1764
腎,1737
欧,1730
買,1728
殺,1726
影,1708
嘉,1700
段,1697
甜,1696
莱,1694
霉,1685
爱,1683
選,1678
皺,1676
髪,1675
帶,1672
期,1652
樽,1649
体,1638
分,1635
狗,1633
細,1626
怕,1625
梅,1619
湯,1617
脱,1592
洲,1575
溶,1567
臉,1563
姬,1558
癒,1557
勁,1556
普,1544
燒,1543
式,1541
尾,1526
塔,1525
梳,1525
下,1520
贊,1515
意,1509
容,1508
換,1506
玫,1503
瘦,1503
嚨,1500
低,1494
致,1488
急,1487
捷,1486
瑰,1486
支,1485
臭,1483
緩,1482
凍,1476
軍,1471
代,1469
曲,1463
鎮,1460
宣,1456
宁,1455
欄,1451
酷,1450
玩,1450
熟,1448
坊,1443
糊,1441
煙,1434
提,1433
喷,1432
陰,1430
重,1428
膳,1427
抽,1425
隔,1424
华,1419
彩,1419
悅,1414
飄,1401
兰,1400
杯,1397
肉,1397
基,1390
獅,1389
直,1386
丝,1385
離,1382
者,1381
骼,1375
装,1374
量,1366
整,1362
六,1362
環,1355
蘋,1353
灵,1353
視,1350
法,1350
漾,1346
北,1346
件,1344
爾,1344
孖,1337
麻,1337
氨,1327
旋,1323
排,1323
寵,1320
汁,1305
農,1305
柏,1303
痱,1302
籽,1287
港,1286
桃,1283
禮,1277
系,1276
强,1273
雾,1269
門,1265
棄,1264
淋,1263
巧,1261
藜,1258
業,1253
礦,1248
更,1246
時,1245
應,1245
冷,1243
芙,1243
敷,1240
再,1236
蛇,1236
杏,1234
鳳,1233
适,1230
腰,1228
敵,1226
科,1224
薰,1223
袪,1220
蘇,1215
窩,1212
賢,1211
瑞,1209
育,1208
析,1205
我,1204
洋,1202
韓,1201
奧,1196
車,1195
記,1183
碘,1180
階,1180
途,1178
破,1178
紋,1176
知,1169
籤,1168
蹟,1162
聖,1159
癀,1158
磷,1156
戒,1152
标,1150
點,1144
蕾,1143
確,1134
妍,1132
松,1129
植,1128
剂,1123
无,1118
次,1117
丁,1117
头,1113
後,1106
复,1106
版,1104
受,1095
丨,1086
红,1085
鎂,1084
抱,1079
胸,1078
蔓,1078
霸,1077
姜,1076
阿,1069
上,1069
膝,1062
咀,1062
越,1062
庭,1059
胞,1059
虫,1059
初,1058
具,1056
酶,1053
蜈,1051
攝,1051
驱,1049
洞,1044
柚,1043
玉,1039
收,1038
慕,1037
冬,1037
济,1031
蚣,1029
陽,1026
嗽,1014
苗,1010
官,1003
黛,996
空,993
苦,992
間,991
温,990
協,984
屑,980
落,977
錠,977
筋,976
卫,975
蔻,971
帕,967
膽,965
泰,964
马,963
裤,963
音,961
諾,958
呵,957
佩,954
叶,952
暢,948
耐,945
彈,944
其,940
罐,934
伤,933
陳,926
病,925
降,925
电,921
肺,917
助,916
興,911
贝,911
丶,910
嘴,908
丿,906
字,904
营,904
椰,904
茄,899
頸,897
棕,891
秘,891
亞,886
綜,882
參,882
襪,882
鵑,880
縮,879
酮,878
刮,870
寳,867
肽,862
嫩,859
癌,856
黎,853
世,851
兔,849
乛,848
齡,846
菜,844
紗,843
御,841
喘,841
菊,839
国,838
玻,836
芯,835
橄,835
假,834
减,834
夾,834
境,827
幽,821
東,819
桂,814
入,808
張,806
微,805
每,801
過,799
外,798
炭,792
資,787
热,786
連,786
螺,786
券,785
欖,784
蠟,784
野,781
廣,778
擦,777
頓,776
晚,776
尼,775
造,775
媚,774
医,763
完,761
抑,758
格,752
孢,746
所,746
衍,745
網,742
兩,739
板,739
藏,738
胡,737
赞,736
至,736
真,734
净,728
那,723
酢,721
粧,720
八,719
相,717
刺,713
奈,713
翹,713
万,711
达,709
模,707
掃,705
厚,704
來,702
蓉,701
趣,700
千,699
妇,698
诗,695
鎖,694
州,692
背,689
現,689
走,686
蓝,678
庄,678
話,677
漢,677
脈,676
表,676
運,675
菁,673
麵,670
蔘,669
气,667
焗,667
池,666
唯,665
肩,665
夏,665
腩,664
制,663
鼾,663
肠,662
奢,660
燙,659
輔,658
別,658
土,655
鮮,653
情,652
休,652
线,651
盞,649
粥,649
鐘,649
软,646
鬆,644
癢,641
昔,640
补,640
症,639
栏,639
先,635
店,634
厠,631
輪,631
斧,630
内,630
末,630
养,629
娜,628
菲,624
藤,621
功,619
不,616
哥,615
瘟,613
鹿,612
里,611
儀,611
梨,609
嚼,608
泳,606
紐,604
春,604
腕,602
蛙,602
臻,601
廓,599
庵,598
床,597
脾,595
料,595
態,590
尊,586
紓,583
開,582
机,578
夢,577
颜,572
常,571
瀉,571
追,565
延,562
蟎,562
親,561
罗,560
葛,560
第,560
汽,556
测,555
宜,554
佐,549
瞬,548
切,548
聲,547
呼,547
塑,546
迪,543
硏,541
早,540
矽,539
事,539
鯊,537
單,537
文,535
漁,533
脚,528
珂,528
靜,525
非,524
屋,523
蝦,521
藿,521
垫,521
顆,519
枫,519
賞,518
綫,515
櫻,510
昆,509
雨,509
注,508
殼,508
跟,507
脑,507
接,507
龙,506
优,506
硫,505
見,504
丽,503
澤,501
碌,500
游,499
焦,499
區,498
韌,498
晶,498
愈,497
跌,496
蓬,496
簽,496
廿,495
纳,490
紡,488
種,487
均,486
冲,485
魔,484
乙,484
节,483
树,481
爆,481
帮,480
垢,479
产,477
鑽,477
撫,476
嬌,474
潄,468
氛,465
旗,462
繃,460
俄,457
疮,457
價,456
鋼,456
采,455
撲,451
镜,450
圈,450
缷,450
堅,450
剪,449
芦,448
壯,448
玛,447
鳴,443
數,443
叉,443
逆,442
依,440
恢,439
隐,439
鸡,439
薏,437
煉,437
台,436
圓,435
史,433
肚,433
妊,430
獨,430
含,430
誕,429
筒,425
灑,425
磁,424
採,424
室,424
哮,423
荟,422
碎,421
建,421
拜,420
瑤,419
条,419
蜆,419
導,418
斷,416
穀,416
取,414
權,412
娠,411
动,411
師,411
参,410
尻,410
掉,410
會,409
醣,408
计,406
鉗,405
若,403
瀟,403
刨,402
芳,402
漿,400
滅,399
盐,399
推,399
異,399
蔥,398
卜,398
妈,396
枕,395
滲,394
賦,393
试,390
蘿,390
腫,389
氟,388
莲,388
岡,387
衡,384
進,384
燃,384
捲,383
摺,382
鱷,382
话,380
柴,379
限,379
胭,379
纽,379
桑,376
船,376
震,375
资,375
鹼,374
芪,374
薯,373
囗,373
谷,372
茸,371
令,371
貨,369
宗,368
亲,367
辅,367
胱,366
酣,366
言,366
扶,365
饮,364
灣,364
干,363
奥,362
番,361
脸,361
放,360
出,360
黴,359
铁,359
周,359
芭,358
斗,354
壬,354
莪,353
蕉,352
倩,352
胎,352
云,352
长,351
酪,351
穴,348
关,348
尔,348
秋,347
傳,346
碗,346
经,343
压,343
莉,342
羽,341
睛,341
呢,341
贈,340
班,339
捧,339
腐,338
武,338
茵,337
折,337
个,336
象,335
须,333
複,333
景,333
冼,332
熨,332
蒜,329
坐,329
恵,329
滿,328
质,327
饼,327
居,326
戈,326
儲,326
佛,325
蕙,325
變,324
瘀,324
壳,323
槍,322
九,321
军,320
蝨,319
撤,318
伊,317
拖,316
統,316
敢,316
漬,315
實,313
磺,313
永,313
学,312
启,311
億,311
诺,310
腿,310
浸,309
富,308
乌,307
厕,307
拾,306
唐,306
麴,306
腺,306
組,304
吕,303
粟,303
后,302
悦,302
笔,300
江,300
肯,298
阴,298
侖,298
蔔,297
姆,296
猛,296
臟,296
托,295
近,295
踝,295
對,295
邁,295
塵,294
閃,293
弓,293
臂,292
腋,292
尸,290
醋,290
舌,289
碳,289
城,288
奄,286
創,286
离,285
屁,285
疗,285
麦,285
硬,285
苓,284
硒,284
姑,283
锌,282
榴,282
市,282
鬼,279
處,278
蒂,277
嶺,277
停,276
傘,274
嫂,273
抺,273
验,273
典,271
以,270
盤,269
絕,269
封,268
赋,268
积,268
值,268
寬,265
酰,264
箍,264
烟,264
壽,261
寜,261
備,261
珀,260
哈,259
壁,258
榮,257
轻,256
季,256
飘,256
梘,255
蚬,255
窝,253
據,253
獸,251
烧,250
葵,250
費,250
遊,249
群,248
類,248
龜,248
蝶,247
伦,247
凤,246
嗓,245
术,245
訂,244
枣,242
預,242
臨,242
肾,241
吳,241
嘔,241
準,240
辣,239
藝,238
矯,238
薇,238
糀,236
腥,236
傲,236
占,235
集,234
满,233
款,233
為,233
攜,233
是,233
貴,232
鴻,232
颈,232
辛,231
张,231
鰵,231
垃,231
撕,229
弟,229
醒,228
濤,228
錐,227
堤,227
凉,227
隨,227
搶,226
匹,225
半,225
莫,224
啟,224
鬍,224
纹,223
朗,222
鞭,222
狀,220
未,219
陪,219
圾,218
商,218
怪,217
莊,217
河,216
痣,216
珊,215
少,215
錢,214
島,214
阶,214
癣,214
朋,214
腹,213
馏,213
鷹,213
份,213
桶,212
妙,212
燈,212
失,211
糠,211
盾,211
椒,211
蕃,210
蓋,209
纤,209
陈,209
澡,208
椎,208
姫,207
兄,206
柑,206
逹,204
享,204
专,203
嫡,202
榄,202
腮,202
座,201
号,201
瀛,201
薊,201
瑯,201
晕,200
懷,199
污,198
琺,198
裂,198
极,197
肪,196
到,196
缝,196
織,196
伯,195
时,195
輝,194
險,194
杨,194
葯,194
醉,193
壹,193
鉀,192
紧,190
橘,190
绿,189
澎,189
麝,189
氯,189
騰,188
溢,187
洒,187
茉,187
替,187
蒼,187
检,187
荳,186
員,185
滾,185
枝,184
艦,184
芽,184
镁,183
偉,181
展,181
芹,179
蕁,179
朵,179
过,179
左,179
狂,179
箘,178
姿,178
飯,177
璃,177
務,177
胰,177
起,177
腱,176
結,176
苏,176
厘,175
什,175
瑶,174
疼,174
柳,173
狮,173
步,173
胜,171
鷄,171
園,171
顺,171
簡,170
赤,170
叔,169
痒,169
尤,168
娇,168
唑,168
翼,167
滕,167
蔬,167
剛,167
糕,167
蛀,167
笨,167
核,166
镇,165
妳,165
熬,165
銅,165
慶,165
咬,164
沛,164
燥,164
烯,164
焕,164
兴,164
轉,163
姸,162
胆,162
秒,162
醬,162
带,162
晴,162
樟,161
韩,161
漏,161
臀,160
息,159
旺,159
緣,159
冈,158
竇,158
首,157
鼠,157
扁,157
胳,157
趾,156
逍,156
衰,156
把,156
犀,155
臥,154
应,154
與,154
车,153
箭,153
礼,153
釉,153
朮,152
劵,152
韵,152
杞,151
坡,151
婕,151
頂,151
喚,151
蟻,151
哺,151
戶,150
語,150
豚,150
啞,150
胚,150
歸,149
主,149
娃,149
倉,149
哂,148
螨,148
蒙,147
謢,147
場,147
策,147
嗱,146
向,145
蠶,145
亚,145
寕,145
厨,144
盧,143
匱,142
拇,142
开,141
针,141
昇,141
皱,141
汤,140
謝,139
請,139
曜,138
爸,138
寒,138
渠,138
伏,138
磅,138
旁,137
錦,137
唧,137
拔,136
凱,136
门,136
術,136
槲,135
痧,135
漳,135
习,134
舊,134
死,134
汉,134
址,134
歲,134
井,133
覺,133
银,133
缩,133
袜,132
呍,132
毯,132
桌,132
肛,131
鋸,131
褐,131
章,131
股,131
薬,131
絨,130
改,130
名,130
疊,130
曉,129
雄,129
沬,129
蜡,129
踭,129
鋁,128
陸,128
顿,128
勃,127
究,127
浦,127
肘,127
宿,127
鈴,127
蕊,127
渗,127
續,127
沈,126
斛,126
级,126
作,126
蟑,126
姐,125
希,125
胖,125
反,125
创,124
瑩,124
勝,124
查,124
遙,124
浓,124
逢,124
診,124
祖,123
籖,123
氐,123
网,123
鋒,122
浣,122
橡,121
帽,121
签,120
龈,120
荼,120
费,120
层,119
霍,118
仪,118
眾,118
黏,118
搖,117
塚,117
憶,117
患,117
虾,116
选,116
瀏,115
堡,115
齿,115
柠,115
咽,114
亳,113
監,113
壺,113
較,113
傑,112
媒,112
證,112
栗,111
損,111
蠔,111
革,111
禦,111
豬,111
儒,110
泪,110
認,110
聚,110
咪,110
睪,110
售,109
團,109
在,109
权,109
逸,109
週,109
翻,108
茅,107
吞,106
釣,106
瞳,106
臘,106
蒲,106
它,106
共,106
勞,105
午,105
醯,105
索,105
菓,105
餵,105
凈,105
仟,105
皰,104
衭,104
悠,104
溃,103
截,103
射,103
码,102
交,102
疲,102
歌,102
髲,102
韱,101
際,101
彼,101
猫,101
擁,100
幹,100
蚤,100
唔,100
櫚,99
陀,99
泵,99
菠,99
疡,99
弱,99
凰,99
睿,98
啦,98
荃,98
磚,98
憲,98
来,97
顔,97
暇,97
纯,97
嗮,96
贅,96
点,96
艷,95
苹,95
遲,95
爐,95
阪,95
最,95
妹,95
澄,94
螂,94
冶,94
酚,94
留,93
魅,93
曰,93
槽,93
鄒,92
駱,92
脆,92
鲨,92
如,91
額,91
阻,90
视,90
揚,90
夹,90
樋,89
昌,89
绵,89
銳,89
炫,89
缓,89
醛,89
蓟,89
社,89
邦,89
飾,88
苺,88
讚,88
陶,88
界,87
軸,87
束,87
冻,87
候,87
墨,87
坦,86
魯,86
催,86
拋,86
脣,86
赫,86
還,86
帝,85
迭,85
烫,85
擴,84
櫃,84
哩,84
譽,84
蛾,84
灸,84
苔,83
调,83
买,83
府,82
尖,82
由,82
朝,82
梔,82
腾,82
瓷,82
栢,82
鱈,81
义,81
细,80
擊,80
硝,80
芒,80
颗,80
归,80
躍,80
证,80
鮑,80
蓓,80
褔,80
硅,79
潰,79
扣,79
薩,79
扇,79
劲,79
虱,79
枱,79
派,78
琵,78
鍋,78
丰,78
抚,78
连,78
幻,78
盆,78
嘜,78
凯,78
庫,77
介,77
樸,77
晳,77
韦,77
挺,77
村,77
佰,77
扭,77
拌,77
架,77
戰,76
匠,76
瘍,76
梁,75
敌,75
桿,75
疱,75
批,75
咙,74
圣,74
簿,74
掛,74
进,74
今,74
记,74
鷓,74
袖,74
纱,73
禁,73
望,73
譜,73
帖,73
招,73
琶,73
菇,73
聯,72
漯,72
芥,72
供,72
絹,72
汀,72
紮,71
挪,71
萎,71
间,71
购,71
盏,71
慰,71
蘊,71
东,71
伸,71
穩,70
右,70
枪,70
拍,70
弹,70
鳯,70
鳥,70
啤,70
校,70
鵝,69
栓,69
凄,69
慮,69
喼,69
脹,69
洱,69
皙,68
鈉,68
吹,68
鴣,68
丙,68
芮,67
叻,67
她,67
曱,67
宏,67
塘,67
蝸,67
觀,67
材,67
混,67
插,66
业,66
短,66
顯,66
緒,66
鉑,66
抵,66
辰,66
粹,65
姖,65
佬,65
甙,65
乖,65
妃,65
亨,65
戴,65
寇,64
矿,64
睾,64
卧,63
匮,63
价,63
琉,63
嚴,63
樣,63
報,62
銼,62
盘,62
示,62
伟,62
孩,62
邊,62
龟,62
航,62
疏,62
韋,62
杀,62
琳,62
戀,62
酯,61
鏈,61
耀,61
嗚,61
衫,61
琪,61
賀,61
潇,61
劃,61
紛,60
民,60
谜,60
蘚,60
幾,60
阳,60
己,60
豪,60
螞,59
烈,59
碟,59
霓,59
看,59
囇,59
禾,59
當,59
津,59
糧,58
额,58
淦,58
瑜,58
宠,58
鲜,58
综,58
賽,58
槳,58
登,58
圖,57
柯,57
圍,57
淺,57
迹,57
萨,57
泊,57
氫,57
律,57
被,56
静,56
潮,56
苯,56
幣,56
换,56
熙,56
於,56
桔,56
膀,56
籃,56
芋,56
环,56
粗,55
須,55
錫,55
竉,55
烤,55
晾,55
佑,55
芷,55
戲,55
沱,55
割,55
萌,55
茂,54
梵,54
紀,54
蔗,54
斤,54
灌,54
埔,54
沿,54
教,54
蝴,54
扑,54
附,53
甴,53
族,53
守,53
祿,53
攻,53
肿,53
繽,53
见,53
將,53
懶,53
吐,52
裸,52
駝,52
夕,52
单,52
釋,52
粘,51
甦,51
楽,51
伞,51
矫,51
廯,51
掌,51
賓,51
茲,51
挫,51
泽,51
怯,51
決,51
溜,51
壮,51
岛,51
塗,50
涂,50
运,50
蒡,50
煮,50
锭,50
异,50
萝,50
鹰,50
瑚,50
燉,50
牡,50
煲,50
佘,49
瞼,49
柄,49
遥,49
澱,49
績,49
处,49
毋,49
漫,49
任,49
匙,49
榨,48
街,48
溂,48
崗,48
种,48
楂,48
觸,48
考,48
酥,48
評,48
苷,48
剋,48
蓖,47
屬,47
義,47
促,47
疥,47
姨,47
炸,47
煤,47
糙,47
榭,47
椿,47
淳,47
瀨,47
诞,47
诜,46
艳,46
寸,46
倒,46
龄,46
箕,46
筲,46
翘,46
辽,46
喂,46
粕,46
棧,46
鐡,46
藓,45
忌,45
储,45
缐,45
汙,45
碱,45
寡,45
遜,45
站,45
旦,45
鲁,45
淒,45
庒,44
甸,44
君,44
务,44
泻,44
綻,44
領,44
虑,44
农,44
迅,44
鞍,44
玲,43
慧,43
贵,43
挑,43
冇,43
設,43
敬,43
照,43
殿,43
脏,43
輸,42
浆,42
脉,42
銷,42
您,42
穿,42
町,42
徳,42
闭,42
鎭,42
搭,42
钾,42
结,42
憂,42
联,42
黒,42
株,41
屏,41
奔,41
暑,41
薦,41
涮,41
别,41
蛭,41
緹,41
毕,41
杰,41
矖,41
烷,40
传,40
纪,40
潛,40
頁,40
纺,40
纎,40
乃,40
巨,40
绷,40
转,40
客,40
彪,40
側,40
瓦,40
茯,39
夷,39
賴,39
庤,39
題,39
坚,39
歡,39
票,39
肖,39
悍,39
鳄,39
峰,39
餘,39
褥,39
嘖,38
繩,38
鸪,38
鹧,38
伽,38
綳,38
只,38
跡,38
鏠,38
付,38
轮,38
搽,38
鄭,38
断,38
省,38
豹,38
軒,38
挖,38
痠,38
炒,37
綽,37
吻,37
痤,37
痾,37
豔,37
翠,37
笠,37
馥,37
剔,37
迎,37
約,37
終,37
牠,37
契,37
技,37
増,37
湾,37
範,37
麹,36
引,36
菸,36
或,36
伐,36
志,36
釫,36
沉,36
餸,36
椅,36
爺,36
状,36
勺,35
廉,35
了,35
奴,35
彌,35
篷,35
銹,35
妣,35
要,35
师,35
財,35
琦,35
鏽,35
葱,35
謎,35
咭,35
描,35
曖,35
禧,35
盬,35
广,34
赛,34
洐,34
钳,34
委,34
淘,34
伴,34
樺,34
縷,34
晨,34
渙,34
衝,34
滤,34
蛟,34
負,34
瘉,33
盖,33
又,33
院,33
循,33
鍊,33
萍,33
辉,33
鄉,33
韧,33
仲,33
顧,33
檀,32
羌,32
塾,32
勇,32
凸,32
很,32
牧,32
礎,32
弘,32
啊,32
問,32
貳,32
濶,32
餌,32
鴨,32
泛,32
毐,32
尹,32
鮭,32
娘,31
歧,31
忻,31
滙,31
蒟,31
硼,31
袍,31
摸,31
舍,31
芍,31
蒻,31
像,31
萱,31
氾,31
会,31
炉,31
住,31
砭,31
蒿,31
钢,31
狼,31
钠,31
霖,31
紳,31
荔,30
沁,30
崩,30
摄,30
坑,30
滚,30
驼,30
劉,30
拳,30
書,30
备,30
萡,30
舞,30
鬱,30
庶,30
怀,30
涌,30
做,30
澀,29
覆,29
吧,29
两,29
螯,29
棠,29
煎,29
脐,29
搏,29
閉,29
屎,29
妻,29
頑,29
尋,29
関,29
宋,29
郎,29
程,29
柱,29
灛,29
貫,28
摇,28
跑,28
潻,28
察,28
组,28
兌,28
岩,28
杖,28
錳,28
恐,28
恆,28
喑,28
蛎,28
遼,28
爵,28
屯,28
枯,28
差,27
齢,27
莹,27
呀,27
琴,27
矛,27
願,27
祈,27
涑,27
棘,27
紥,27
场,27
孝,27
柞,27
需,27
鉄,27
报,27
澈,27
疾,27
就,27
暫,27
枚,27
跳,27
樓,27
秤,26
吾,26
么,26
弄,26
瀘,26
变,26
众,26
匯,26
区,26
耶,26
躁,26
申,26
頻,26
统,26
畅,26
論,26
丘,26
货,26
语,26
難,25
隻,25
苣,25
且,25
等,25
岭,25
釘,25
齊,25
徐,25
啖,25
賬,25
缺,25
酱,25
葆,25
韻,25
镊,25
锋,25
繨,25
铜,25
獎,25
鑼,25
找,25
鍵,25
也,25
现,25
枸,25
樱,25
廊,25
抛,25
想,24
算,24
屙,24
畫,24
亏,24
陣,24
仿,24
嚟,24
佗,24
梦,24
覚,24
晓,24
玄,24
频,24
覇,24
铂,24
旭,24
塊,24
告,24
軀,24
寿,24
壶,24
岐,24
吋,24
癸,24
刚,24
哇,24
溪,24
书,24
麈,24
墩,24
聰,24
鎢,24
鶴,24
盎,24
狐,24
吴,24
讀,23
閱,23
骆,23
痺,23
舖,23
驚,23
麩,23
爪,23
孫,23
酊,23
移,23
豉,23
突,23
氢,23
饅,23
沒,23
俐,23
喵,23
鑷,23
牽,23
赠,23
钻,23
螢,23
态,23
琥,23
饍,23
稀,23
锅,23
繭,23
葩,23
埋,23
撈,23
播,23
犬,23
笛,23
杂,22
聘,22
珞,22
仑,22
荐,22
猪,22
圆,22
浩,22
寛,22
睇,22
捫,22
溼,22
兜,22
渔,22
溝,22
偶,22
寄,22
惊,22
脷,22
鈦,22
霞,22
尺,22
鞘,22
雌,22
请,22
赏,22
置,22
瀬,22
鉻,22
障,22
伶,22
钱,22
帳,22
谱,21
柿,21
荨,21
例,21
填,21
钟,21
繪,21
扬,21
炼,21
廠,21
此,21
齖,21
畢,21
唤,21
疵,21
併,21
嚜,21
确,21
奚,21
榛,21
熹,20
祥,20
錶,20
嗎,20
与,20
劳,20
笑,20
臍,20
氮,20
愉,20
麟,20
搜,20
膨,20
潭,20
箔,20
偑,20
诲,20
邨,20
乘,20
泌,20
逾,20
户,20
涷,20
係,20
忆,20
們,20
携,20
祭,20
閏,20
潚,20
蠍,20
类,20
偏,20
賣,20
漓,19
骑,19
办,19
瞓,19
钓,19
已,19
授,19
聽,19
勿,19
糟,19
园,19
勻,19
練,19
卞,19
缸,19
彎,19
抬,19
兵,19
待,19
局,19
札,19
膿,19
旧,19
貧,19
岁,19
講,19
宽,19
亭,19
曾,19
郭,19
隠,19
崔,19
灭,19
郵,19
桐,19
荣,19
触,19
句,18
导,18
蒄,18
剤,18
彭,18
彤,18
麼,18
鏢,18
給,18
啶,18
般,18
産,18
饭,18
噪,18
鄔,18
珈,18
裡,18
廋,18
崎,18
寺,18
涣,18
祕,18
铝,18
浮,18
沭,18
綺,18
肢,18
飬,18
帆,18
鑰,18
燮,18
既,17
刘,17
攪,17
卅,17
蕂,17
渍,17
鬥,17
戎,17
苿,17
预,17
赖,17
賿,17
括,17
逊,17
鸭,17
为,17
洩,17
剝,17
副,17
姓,17
璞,17
賜,17
賺,17
拐,17
筷,17
疴,17
脯,17
趴,17
囍,17
著,17
案,17
羚,17
振,17
锐,17
烘,17
历,17
稱,17
髯,17
詢,17
跨,16
葫,16
兹,16
館,16
认,16
癩,16
鍾,16
總,16
職,16
秦,16
孳,16
递,16
恒,16
夠,16
蠱,16
塩,16
俠,16
塌,16
瘙,16
顶,16
霊,16
剌,16
随,16
咁,16
潜,16
弗,16
辟,16
哲,16
響,16
貞,16
累,16
臺,16
娟,16
釆,16
灯,16
詧,16
炮,16
剎,16
垂,16
麒,16
宇,16
澗,16
唾,16
闊,16
邮,16
凹,15
数,15
嚥,15
朧,15
鸣,15
亁,15
库,15
虊,15
夥,15
鄰,15
据,15
湖,15
侯,15
对,15
苜,15
范,15
皓,15
幕,15
這,15
求,15
聊,15
鱉,15
譚,15
籣,15
卻,15
蹣,15
样,15
篇,15
膊,15
廸,15
說,15
馨,15
騎,15
灼,15
檞,15
焙,15
妒,15
钥,15
惜,15
羔,15
惹,15
蔡,15
從,15
儷,15
贞,15
锁,15
嘅,15
冕,15
蠣,15
瑄,15
儂,15
艶,15
彊,15
廖,15
汞,14
曠,14
刻,14
楼,14
浅,14
庆,14
咗,14
緞,14
藹,14
脊,14
睜,14
擠,14
螆,14
腊,14
吡,14
吟,14
皀,14
怎,14
傾,14
玥,14
尢,14
穌,14
嘟,14
豎,14
卒,14
稜,14
罔,14
篤,14
売,14
灶,14
企,14
锦,14
懈,14
估,14
鬈,14
朴,14
囉,14
殊,14
閠,14
馮,14
绩,14
篩,14
籐,14
藩,14
鶓,14
宵,14
乎,14
拆,14
撐,14
雛,14
胀,14
孚,14
凭,14
雯,14
蚕,14
鳶,14
鵬,14
鴯,14
呑,14
呎,13
默,13
麉,13
蜗,13
圳,13
雕,13
监,13
碇,13
畏,13
劇,13
昜,13
揭,13
鉤,13
缇,13
漲,13
录,13
伍,13
始,13
挽,13
际,13
键,13
慢,13
鈕,13
萘,13
杆,13
載,13
约,13
兮,13
羹,13
扎,13
聪,13
孅,13
熠,13
飽,13
槐,13
榖,13
鳕,13
絜,13
咩,13
宅,13
鹅,13
苍,13
孟,13
困,13
冊,13
則,13
怏,13
汪,13
陆,13
警,13
汇,13
姳,12
几,12
拓,12
靚,12
轩,12
賊,12
徤,12
哦,12
坷,12
繄,12
厂,12
裏,12
喔,12
癜,12
荊,12
冑,12
芺,12
溴,12
帛,12
返,12
窗,12
渲,12
互,12
吗,12
芸,12
牲,12
綱,12
父,12
鱻,12
独,12
禄,12
恊,12
恰,12
乜,12
沟,12
粽,12
堿,12
曨,12
蘑,12
鹃,12
稚,12
柒,12
邀,12
逐,12
殻,12
鋏,12
廷,12
劍,12
甾,12
斐,12
损,12
惟,12
愁,12
署,12
錄,12
柺,12
駐,12
虛,12
击,12
麓,12
矶,12
錯,11
箂,11
端,11
檔,11
屮,11
允,11
紕,11
顕,11
稻,11
瓣,11
叠,11
疑,11
敖,11
齋,11
蠅,11
逗,11
蛤,11
擬,11
咯,11
燭,11
奸,11
沢,11
订,11
奏,11
卢,11
戸,11
勒,11
稅,11
肧,11
識,11
淛,11
溸,11
訓,11
餬,11
託,11
暮,11
蘂,11
寮,11
棷,11
椹,11
孑,11
亥,11
窦,11
裨,11
璜,11
壼,11
潼,11
纾,11
择,11
凊,11
鬉,11
硐,11
鹹,11
吱,11
呆,11
蜘,11
丫,11
蛔,11
蛛,11
麮,11
檳,11
鞠,11
註,11
倦,11
艺,11
痈,11
于,11
判,11
覃,11
胍,10
遖,10
貿,10
貽,10
鉸,10
璨,10
籠,10
滯,10
樁,10
羟,10
役,10
羞,10
匡,10
衙,10
唒,10
炙,10
廈,10
舰,10
芩,10
兼,10
痹,10
蹦,10
饰,10
当,10
臓,10
朶,10
筃,10
呋,10
员,10
虧,10
串,10
坤,10
害,10
窕,10
吃,10
阵,10
尘,10
侗,10
瘜,10
糞,10
襄,10
襯,10
梗,10
赐,10
还,10
徽,10
喹,10
媛,10
竞,10
链,10
翔,10
羥,10
侶,10
才,10
嬤,10
贺,10
苞,10
蘗,10
鸿,10
翰,10
耆,10
嬏,10
奉,10
爭,10
贤,10
准,10
眸,10
着,10
旯,10
擎,10
丐,10
鸥,9
鵪,9
爍,9
燠,9
嘌,9
茜,9
嗯,9
編,9
綁,9
茹,9
颊,9
瘤,9
屆,9
寻,9
协,9
卖,9
咸,9
癦,9
窿,9
竊,9
蕴,9
显,9
捱,9
慣,9
繕,9
繁,9
裴,9
勳,9
钴,9
課,9
氈,9
誘,9
杉,9
叫,9
駛,9
锰,9
剧,9
疍,9
柜,9
柝,9
烂,9
锉,9
暧,9
羗,9
漆,9
脖,9
坏,9
稳,9
哆,9
魂,9
霏,9
淮,9
恋,9
恤,9
湇,9
谢,9
职,9
聞,9
练,9
织,9
釜,9
峐,9
争,9
拱,9
婚,9
哪,9
沃,9
岱,9
滨,9
彻,9
罪,9
撯,9
忘,9
忠,9
握,9
敲,9
牀,9
碩,9
茋,9
獲,9
玖,9
刹,9
嫰,9
肓,9
聶,9
沸,9
泄,9
隹,9
涕,9
洺,9
俪,8
淇,8
蔽,8
揉,8
揀,8
诊,8
盡,8
缘,8
缕,8
汰,8
盼,8
敗,8
闪,8
问,8
蒔,8
娌,8
汳,8
磡,8
嵐,8
瞙,8
搞,8
败,8
糸,8
决,8
薀,8
舫,8
啵,8
災,8
啓,8
瀾,8
姈,8
膦,8
绮,8
粮,8
焖,8
鈷,8
舟,8
縐,8
欲,8
蹤,8
惡,8
痊,8
蠓,8
潟,8
廳,8
啲,8
柰,8
铺,8
怠,8
渡,8
済,8
垞,8
图,8
賈,8
豊,8
氺,8
汝,8
甩,8
遺,8
鄱,8
鄧,8
兀,8
楚,8
昂,8
邹,8
虹,8
構,8
戏,8
緇,8
盰,8
旱,8
僵,8
榈,8
哀,8
掏,8
刃,8
实,8
邑,8
榧,8
懸,8
檗,8
噻,7
侧,7
说,7
尃,7
掂,7
捽,7
苑,7
茗,7
雏,7
诮,7
霛,7
讙,7
闌,7
搅,7
滌,7
経,7
瑷,7
幗,7
碰,7
瑟,7
宙,7
搵,7
昕,7
揹,7
账,7
糜,7
浀,7
涛,7
丯,7
涩,7
遠,7
缬,7
秸,7
则,7
畀,7
锈,7
亡,7
栀,7
弧,7
释,7
歺,7
項,7
頀,7
嗪,7
繇,7
軛,7
鉅,7
殖,7
璀,7
桻,7
餃,7
髂,7
镖,7
膩,7
镸,7
妨,7
拑,7
围,7
湏,7
偲,7
弋,7
氵,7
瀋,7
否,7
绳,7
鬓,7
迈,7
蘐,7
詈,7
証,7
逅,7
捨,7
芀,7
皿,7
窈,7
稈,7
亩,7
遇,7
瞻,7
該,7
掣,7
璧,7
燴,7
簾,7
概,7
簧,7
飴,7
飼,7
睥,7
负,7
緍,7
絶,7
絞,7
郁,7
魷,7
眩,7
蟯,7
蟹,7
蚓,7
蜴,7
龐,7
鶉,7
黯,7
齐,7
黨,6
政,6
故,6
鸟,6
蚪,6
蚁,6
俏,6
虚,6
浄,6
鱗,6
蟬,6
融,6
泮,6
坛,6
险,6
耙,6
罰,6
箐,6
埗,6
痴,6
疿,6
醌,6
痫,6
衆,6
曆,6
暹,6
暉,6
竭,6
笆,6
辦,6
痳,6
观,6
荆,6
嗜,6
榍,6
伪,6
璇,6
璐,6
銻,6
璽,6
爉,6
橋,6
戔,6
嘗,6
厢,6
滈,6
鬖,6
讖,6
让,6
徕,6
彡,6
彥,6
闻,6
徑,6
载,6
较,6
拭,6
捍,6
婭,6
輻,6
裕,6
扫,6
铃,6
軽,6
从,6
艙,6
詞,6
歯,6
殘,6
絆,6
瑋,6
瑙,6
欢,6
檜,6
伙,6
吏,6
哌,6
哑,6
蔴,6
借,6
瀇,6
賠,6
責,6
侣,6
嚊,6
畺,6
廢,6
偷,6
貢,6
投,6
崇,6
畸,6
鬃,6
髒,6
袐,6
啉,6
拘,6
気,6
閒,6
销,6
熏,6
棍,6
椂,6
踏,6
銘,6
鉺,6
効,6
讲,6
邂,6
薫,6
皲,6
罹,6
瘋,6
兑,6
癰,6
咕,6
祝,6
祼,6
盜,6
窒,6
犘,6
率,6
贷,6
苛,6
矸,6
珑,6
瑧,6
巿,6
鴉,6
磋,6
硑,6
砚,6
徵,6
撰,6
擇,6
斂,6
敛,6
羨,5
撿,5
映,5
揸,5
鴛,5
鴦,5
搙,5
巣,5
鋪,5
瑠,5
鎚,5
鎏,5
獚,5
帥,5
苄,5
寫,5
盗,5
冢,5
竅,5
癲,5
癫,5
蕪,5
蠢,5
曦,5
鮫,5
晦,5
迫,5
训,5
论,5
沽,5
沾,5
雖,5
洪,5
督,5
仓,5
椛,5
煱,5
勾,5
諒,5
諗,5
誌,5
臒,5
悬,5
惑,5
脩,5
镭,5
绝,5
灘,5
驃,5
唱,5
拨,5
获,5
馆,5
籚,5
峯,5
剷,5
廂,5
锣,5
闆,5
闇,5
弥,5
嚐,5
杵,5
哨,5
挚,5
予,5
嗞,5
琛,5
艮,5
舜,5
歮,5
殅,5
纈,5
画,5
剥,5
鉆,5
仈,5
菱,5
莘,5
承,5
们,5
棵,5
梭,5
捕,5
箝,5
釀,5
岸,5
鈁,5
鈇,5
輭,5
蒺,5
葦,5
霰,5
阑,5
溠,5
溧,5
演,5
囿,5
圭,5
鬢,5
討,5
槿,5
厥,5
卯,5
危,5
庇,5
鑾,5
噁,5
噏,5
嗷,5
樴,5
佁,5
佈,5
頰,5
茱,5
褸,5
楠,5
飢,5
竟,5
釐,5
痷,5
痲,5
哉,5
吊,5
佔,5
霆,5
设,5
访,5
卂,5
渣,5
淤,5
淫,5
询,5
盲,5
旨,5
忍,5
呕,5
亂,5
孰,5
蚂,5
乏,5
禆,4
禿,4
乒,4
麖,4
盪,4
邃,4
鼓,4
翡,4
翁,4
翅,4
淑,4
敺,4
撩,4
摘,4
削,4
虞,4
搴,4
援,4
述,4
罓,4
缫,4
豌,4
淸,4
诚,4
鸸,4
丢,4
该,4
诉,4
鹋,4
蛼,4
吨,4
远,4
迟,4
祙,4
尓,4
鄺,4
酗,4
屌,4
蕯,4
呱,4
蔼,4
咉,4
闬,4
闷,4
往,4
胼,4
夀,4
墙,4
漠,4
悔,4
坂,4
胦,4
翕,4
埃,4
佢,4
痙,4
疯,4
辭,4
稠,4
稹,4
杲,4
杓,4
唎,4
哠,4
娅,4
拮,4
拯,4
鈎,4
釒,4
篙,4
姻,4
边,4
輥,4
岷,4
岗,4
蔍,4
董,4
蔭,4
杭,4
髻,4
驟,4
閣,4
縯,4
锡,4
铵,4
偒,4
閘,4
瀑,4
弛,4
弯,4
噹,4
霤,4
侠,4
謠,4
諼,4
押,4
駒,4
裉,4
枙,4
籭,4
莆,4
剑,4
剖,4
籲,4
籹,4
粋,4
誨,4
匀,4
庞,4
汾,4
脮,4
靴,4
靑,4
靠,4
廄,4
灜,4
仰,4
莖,4
劘,4
疝,4
疆,4
梓,4
桦,4
扥,4
仗,4
姚,4
踹,4
椃,4
棚,4
瑾,4
銨,4
姍,4
裹,4
篸,4
项,4
嗅,4
嗊,4
喝,4
喬,4
儸,4
紹,4
槎,4
嵗,4
巂,4
玭,4
珐,4
艱,4
伕,4
伝,4
伆,4
懒,4
慷,4
芘,4
縱,4
誰,4
熔,4
熄,4
煌,4
爹,4
席,4
帰,4
巳,4
巷,4
币,4
檯,4
苪,4
苫,4
顫,4
槡,4
檥,4
奎,4
匈,4
却,4
燻,4
嘧,4
絰,4
妞,4
慾,4
橫,4
薪,4
凋,4
凌,4
宴,4
晃,4
蕓,4
蘖,4
堯,4
蕎,4
鰂,4
掩,4
措,4
涵,4
忽,4
涙,4
隑,4
蛰,4
蚝,4
鱘,4
鱸,4
蝠,4
蜙,4
蝇,4
礕,4
磗,4
昈,4
斜,4
乂,4
麾,4
遞,4
薛,3
並,3
雬,3
雃,3
雉,3
讯,3
渾,3
湊,3
渦,3
渴,3
鹓,3
丛,3
硕,3
谈,3
评,3
洌,3
泠,3
況,3
瘊,3
瘛,3
郑,3
盥,3
呤,3
蜃,3
听,3
麯,3
皸,3
癖,3
瘵,3
瘸,3
酞,3
酦,3
酬,3
瘢,3
顬,3
槷,3
戟,3
懺,3
茠,3
茧,3
紝,3
粿,3
幪,3
締,3
央,3
綸,3
贒,3
訥,3
訊,3
顠,3
綢,3
奭,3
奲,3
絛,3
鑊,3
鑒,3
鑫,3
庖,3
欒,3
愿,3
橈,3
伩,3
似,3
嘿,3
嗰,3
贫,3
歩,3
欸,3
欺,3
芏,3
芟,3
舛,3
頖,3
巠,3
勢,3
勤,3
劫,3
繳,3
繆,3
毆,3
毎,3
歾,3
傻,3
鋭,3
傢,3
煬,3
煞,3
焱,3
铬,3
募,3
趜,3
鎊,3
燐,3
幇,3
犯,3
爬,3
贾,3
踢,3
仆,3
椑,3
梯,3
棈,3
扰,3
扩,3
萁,3
娑,3
瓊,3
璘,3
銖,3
鉍,3
鈡,3
粷,3
躧,3
蹆,3
榣,3
榚,3
楃,3
覽,3
褌,3
簌,3
籍,3
璦,3
嵬,3
嵾,3
崴,3
錪,3
儫,3
跣,3
嗨,3
槌,3
峩,3
軉,3
籔,3
籬,3
莧,3
喃,3
萧,3
饿,3
膓,3
团,3
誠,3
誤,3
勵,3
匆,3
熇,3
畚,3
脥,3
舅,3
靓,3
愷,3
惢,3
惕,3
舐,3
臑,3
疖,3
烕,3
庥,3
炔,3
灈,3
灕,3
续,3
绞,3
瀆,3
澜,3
弃,3
漽,3
貪,3
縠,3
杈,3
驕,3
嚕,3
嚅,3
嚇,3
腄,3
纙,3
賭,3
傅,3
傍,3
叛,3
叢,3
叚,3
袘,3
霾,3
謫,3
諮,3
嚏,3
馁,3
饁,3
饋,3
栳,3
抖,3
拚,3
披,3
唸,3
蔖,3
窖,3
穆,3
筍,3
醡,3
痿,3
瘆,3
疳,3
挥,3
挨,3
拹,3
拼,3
挂,3
杮,3
哋,3
蔑,3
轟,3
峁,3
屝,3
釳,3
鈔,3
醱,3
篋,3
娤,3
驭,3
衲,3
蓍,3
蓯,3
蓼,3
蒮,3
蓆,3
蔨,3
亢,3
叼,3
蠕,3
蠞,3
咅,3
咆,3
咒,3
蔵,3
滬,3
滔,3
彗,3
湶,3
議,3
汔,3
汕,3
暐,3
佞,3
恶,3
沋,3
没,3
沣,3
圦,3
声,3
漖,3
竺,3
辨,3
辱,3
晩,3
淪,3
胄,3
坪,3
肼,3
睙,3
睱,3
鹸,3
盯,3
寚,3
麘,3
昡,3
临,3
俬,3
俊,3
俌,3
隅,3
邬,3
举,3
違,3
瞞,3
册,3
蔾,3
揽,3
斌,3
昘,3
碓,3
撞,3
鸚,3
孁,3
孌,3
孓,3
嫖,3
嫲,3
媄,3
刪,3
兽,3
晝,3
藪,3
藴,3
藺,3
藕,3
薘,3
硦,3
邪,3
怖,3
洽,3
俯,3
俾,3
隙,3
肋,3
塟,3
晏,3
蝙,3
蜥,3
虔,3
敕,3
攞,3
鵡,3
擾,3
呜,3
遘,3
砧,3
砲,3
孙,3
砍,3
蟿,3
鳘,3
螹,3
呦,2
呐,2
蛹,2
蚧,2
蚥,2
麽,2
蚀,2
鸵,2
乔,2
乗,2
乡,2
鹤,2
掟,2
掰,2
晧,2
鯨,2
鰡,2
叺,2
吠,2
衘,2
蕭,2
哒,2
哭,2
蔫,2
蔲,2
揩,2
揼,2
鴶,2
鲸,2
搾,2
挾,2
捐,2
旝,2
些,2
亜,2
亦,2
亻,2
亿,2
鬳,2
魏,2
晰,2
暴,2
鬧,2
曘,2
曡,2
曹,2
驻,2
骝,2
骷,2
髓,2
另,2
啜,2
啪,2
啾,2
蕲,2
咏,2
藋,2
朠,2
朿,2
杳,2
杴,2
构,2
柆,2
柸,2
杍,2
栆,2
栈,2
饃,2
饱,2
饲,2
馳,2
栄,2
駆,2
駿,2
枧,2
拗,2
梈,2
棟,2
椠,2
褶,2
襘,2
規,2
菍,2
営,2
喺,2
葷,2
蒖,2
蒠,2
袁,2
厰,2
葳,2
餞,2
餡,2
扒,2
扛,2
棋,2
扯,2
扺,2
抋,2
桥,2
仝,2
檻,2
槤,2
懾,2
战,2
页,2
顽,2
厄,2
噜,2
莞,2
莠,2
菅,2
菩,2
萆,2
裋,2
裔,2
领,2
颐,2
题,2
颧,2
颱,2
飆,2
楅,2
楬,2
毌,2
毓,2
櫈,2
飮,2
憐,2
殷,2
但,2
頩,2
樑,2
慄,2
権,2
橢,2
檚,2
檫,2
沅,2
悶,2
惖,2
惫,2
靖,2
詹,2
誉,2
談,2
諚,2
諨,2
臊,2
苁,2
苎,2
觊,2
卤,2
靭,2
靸,2
靼,2
欴,2
歇,2
洙,2
怨,2
恬,2
悚,2
霑,2
怷,2
汐,2
汴,2
涞,2
涨,2
徨,2
汅,2
隧,2
隰,2
涉,2
謏,2
謨,2
譏,2
讓,2
胛,2
艸,2
艹,2
艻,2
讫,2
許,2
訴,2
詤,2
雸,2
霄,2
泍,2
泞,2
泣,2
雑,2
沺,2
忧,2
怒,2
侵,2
侷,2
俎,2
俱,2
洶,2
浙,2
陷,2
溯,2
溱,2
彷,2
彿,2
征,2
译,2
课,2
谁,2
堵,2
词,2
脛,2
腠,2
堆,2
嚀,2
嚣,2
謂,2
脘,2
闽,2
阅,2
队,2
陡,2
濆,2
瀝,2
偣,2
濑,2
閪,2
廾,2
煏,2
煑,2
烛,2
烝,2
豖,2
缤,2
罁,2
罌,2
肱,2
块,2
域,2
锘,2
锥,2
锯,2
烊,2
灿,2
烦,2
犄,2
犮,2
狄,2
狠,2
猜,2
幀,2
幘,2
牵,2
钛,2
钩,2
钮,2
帯,2
玍,2
鎺,2
鏖,2
鏤,2
爷,2
鍛,2
崖,2
嵌,2
巒,2
瑛,2
瑥,2
鋯,2
鋰,2
貶,2
貺,2
纷,2
终,2
塲,2
纲,2
僑,2
珪,2
珼,2
琅,2
畝,2
略,2
畿,2
鉛,2
鉴,2
銬,2
瓏,2
疔,2
甄,2
甚,2
甫,2
瘣,2
痢,2
釭,2
属,2
履,2
屿,2
岚,2
峻,2
疪,2
癔,2
癮,2
岀,2
皴,2
冖,2
冗,2
写,2
勉,2
勋,2
贍,2
夲,2
奋,2
墟,2
绾,2
缌,2
貂,2
冴,2
冺,2
兆,2
瘕,2
尽,2
冫,2
瞄,2
盃,2
寢,2
寨,2
盟,2
郝,2
鄇,2
酉,2
酐,2
酩,2
瘭,2
瘳,2
瘾,2
癇,2
砖,2
砟,2
砸,2
孤,2
遵,2
赵,2
趁,2
趨,2
糈,2
糉,2
糬,2
绣,2
绪,2
瞦,2
瞰,2
宛,2
寅,2
矓,2
矢,2
眂,2
禈,2
禹,2
寔,2
凖,2
処,2
祀,2
蹠,2
蹺,2
粤,2
妤,2
姣,2
蹄,2
奕,2
奖,2
奜,2
奠,2
奮,2
絮,2
财,2
奐,2
遀,2
遐,2
硯,2
秉,2
磄,2
磕,2
磿,2
礙,2
礬,2
凳,2
窄,2
这,2
刎,2
划,2
刖,2
媢,2
嫒,2
迓,2
嬣,2
稍,2
礳,2
迴,2
婼,2
轆,2
输,2
竽,2
劈,2
努,2
娄,2
婆,2
婎,2
糯,2
糾,2
紉,2
跛,2
踩,2
踪,2
糭,2
符,2
笸,2
輿,2
筴,2
稿,2
姲,2
篦,2
篮,2
簋,2
籾,2
軋,2
姥,2
蝎,2
蝕,2
螄,2
蟒,2
蠋,2
咻,2
薴,2
蟁,2
擰,2
攏,2
摔,2
摭,2
撥,2
撻,2
齞,2
丑,2
齩,2
摯,2
鹵,2
麂,2
麊,2
麸,2
虼,1
鼎,1
齁,1
麇,1
麪,1
齲,1
丌,1
蛽,1
吩,1
摹,1
撑,1
撘,1
撟,1
敞,1
鷗,1
鷢,1
鸌,1
鸦,1
摎,1
摨,1
搔,1
擺,1
吝,1
蔣,1
响,1
鯔,1
鰐,1
鰜,1
鰲,1
鰹,1
揮,1
揶,1
哏,1
哟,1
唭,1
葁,1
蠻,1
吖,1
鴿,1
鵰,1
鶏,1
鶿,1
敯,1
敹,1
斉,1
揪,1
鱲,1
鲑,1
鳞,1
鳢,1
斟,1
鮎,1
搸,1
鴕,1
剸,1
劝,1
軔,1
簇,1
轗,1
辺,1
辻,1
迉,1
娒,1
娓,1
娙,1
娱,1
婀,1
婓,1
軏,1
剡,1
踀,1
踍,1
踣,1
踵,1
糲,1
糹,1
絃,1
趺,1
筻,1
简,1
笞,1
笟,1
笳,1
筌,1
筑,1
答,1
窣,1
竄,1
竈,1
碑,1
磂,1
礞,1
刁,1
遁,1
嫫,1
迤,1
刈,1
剉,1
穎,1
穏,1
穗,1
穚,1
嬈,1
税,1
稔,1
礶,1
婿,1
媞,1
嫌,1
嫚,1
婟,1
箤,1
箴,1
築,1
篥,1
輩,1
輰,1
嫻,1
凣,1
祇,1
祜,1
禟,1
禪,1
禫,1
瞿,1
矣,1
蹻,1
蹼,1
粪,1
跕,1
租,1
逶,1
凔,1
凙,1
妁,1
粱,1
粴,1
妠,1
妦,1
妲,1
姏,1
蹙,1
硨,1
硷,1
妓,1
絢,1
絷,1
綘,1
贯,1
絍,1
贰,1
贸,1
赌,1
赘,1
赧,1
赴,1
妄,1
遗,1
绦,1
緮,1
緯,1
縟,1
趋,1
趐,1
趕,1
趟,1
繫,1
繼,1
纅,1
纊,1
纏,1
贀,1
给,1
绥,1
矮,1
盱,1
邱,1
邻,1
瞤,1
宪,1
宄,1
繅,1
睹,1
睺,1
瞝,1
瘖,1
瘝,1
尙,1
尞,1
届,1
盁,1
盂,1
専,1
尅,1
眡,1
眤,1
睌,1
睑,1
宀,1
酔,1
酜,1
酫,1
郄,1
郊,1
鄂,1
鄃,1
遣,1
遭,1
遷,1
邟,1
邢,1
矹,1
砒,1
孜,1
勸,1
匎,1
匕,1
贏,1
縴,1
酼,1
冀,1
冤,1
墓,1
綾,1
緁,1
緃,1
够,1
夭,1
夸,1
勂,1
缀,1
缑,1
羛,1
羡,1
绰,1
绱,1
绽,1
墏,1
屍,1
屓,1
况,1
兕,1
党,1
皕,1
壇,1
壞,1
疸,1
痎,1
痞,1
痡,1
瓢,1
甌,1
甏,1
甪,1
瘁,1
瘂,1
醅,1
醖,1
醚,1
醤,1
屜,1
瘩,1
峨,1
疢,1
醺,1
釢,1
釤,1
鈞,1
痦,1
痪,1
癈,1
癐,1
癚,1
癤,1
癯,1
発,1
岶,1
峑,1
僐,1
僖,1
僾,1
儕,1
錮,1
巔,1
耗,1
聃,1
疒,1
録,1
玮,1
珩,1
珹,1
琚,1
僅,1
僆,1
鈪,1
鈱,1
鉼,1
銜,1
畓,1
畔,1
畯,1
畹,1
甯,1
銫,1
銲,1
鋂,1
鋤,1
瑿,1
璔,1
疙,1
巫,1
巯,1
錏,1
崑,1
崙,1
嶋,1
嶲,1
巅,1
绒,1
貌,1
賂,1
賃,1
賨,1
賷,1
纬,1
墳,1
肙,1
翇,1
翨,1
翭,1
纶,1
绅,1
绊,1
绑,1
聆,1
谪,1
谭,1
谰,1
谶,1
塋,1
塻,1
肗,1
帨,1
钧,1
钬,1
烽,1
烾,1
焟,1
焰,1
燜,1
鍍,1
鍚,1
琠,1
琡,1
琲,1
帇,1
帐,1
帑,1
鎗,1
鎙,1
鎦,1
獒,1
獰,1
獻,1
錹,1
鍂,1
鏌,1
鏝,1
鐃,1
爲,1
牝,1
鍩,1
鍶,1
鍸,1
镐,1
垸,1
埴,1
執,1
胅,1
胋,1
讷,1
圻,1
瀰,1
灒,1
灦,1
炅,1
炛,1
铭,1
锆,1
错,1
幅,1
并,1
幺,1
庚,1
犈,1
狭,1
镬,1
閎,1
爛,1
鐨,1
鐲,1
鑑,1
鑯,1
鑿,1
猥,1
燎,1
煒,1
煗,1
煺,1
燄,1
烆,1
偽,1
閹,1
漸,1
编,1
耑,1
庛,1
庝,1
庠,1
庪,1
廬,1
焼,1
罒,1
罛,1
羃,1
匚,1
匣,1
卝,1
豋,1
豭,1
坃,1
脓,1
肬,1
坣,1
坨,1
缮,1
缴,1
缾,1
陌,1
陞,1
陬,1
渎,1
渘,1
渥,1
溘,1
闲,1
炳,1
潷,1
潸,1
潺,1
澨,1
澴,1
澸,1
阹,1
倾,1
偌,1
濘,1
濯,1
濰,1
瀅,1
瀍,1
瀚,1
潑,1
弍,1
弦,1
倓,1
倖,1
倢,1
倨,1
倪,1
漚,1
湱,1
彽,1
徥,1
潢,1
溹,1
溽,1
滀,1
堕,1
堰,1
堷,1
诤,1
读,1
谅,1
埻,1
垏,1
腆,1
腈,1
腓,1
腚,1
噬,1
堇,1
堊,1
堑,1
闹,1
阡,1
阮,1
滷,1
嚍,1
諸,1
謀,1
謄,1
忙,1
泔,1
泙,1
泟,1
泼,1
雓,1
雳,1
雴,1
陵,1
渨,1
渮,1
渼,1
湃,1
湩,1
徫,1
徼,1
侻,1
俑,1
俢,1
忟,1
涸,1
淀,1
淌,1
淖,1
滢,1
滳,1
俥,1
倌,1
洸,1
浊,1
浲,1
隊,1
隼,1
难,1
雁,1
雇,1
涎,1
涓,1
涤,1
涯,1
囸,1
圏,1
謍,1
謐,1
譫,1
譯,1
噶,1
隴,1
芧,1
芵,1
舵,1
艅,1
胝,1
胥,1
脍,1
囷,1
雹,1
雺,1
隣,1
芐,1
芓,1
詠,1
詳,1
噩,1
頌,1
欽,1
歉,1
歳,1
歷,1
靣,1
靶,1
鞣,1
悟,1
洂,1
洕,1
洧,1
沩,1
沪,1
怭,1
頊,1
霪,1
霹,1
氷,1
氿,1
总,1
恃,1
恳,1
悄,1
汚,1
汭,1
汮,1
汱,1
汸,1
霎,1
霘,1
侍,1
芉,1
惯,1
惱,1
愚,1
靃,1
靡,1
汻,1
沆,1
腭,1
膑,1
臁,1
臏,1
臧,1
詵,1
誜,1
諦,1
荌,1
芻,1
芾,1
苋,1
苡,1
苾,1
嚷,1
囤,1
韖,1
韮,1
惪,1
茘,1
觅,1
觉,1
觓,1
觼,1
榔,1
榜,1
榪,1
颅,1
飙,1
戍,1
菏,1
裟,1
憾,1
懂,1
毂,1
欏,1
欠,1
慀,1
楣,1
楹,1
懱,1
欮,1
頤,1
樛,1
慐,1
慳,1
慵,1
憑,1
氙,1
悪,1
悽,1
樞,1
樬,1
橍,1
檠,1
懕,1
顾,1
檵,1
櫂,1
様,1
懼,1
戉,1
执,1
扮,1
厦,1
訟,1
嗶,1
嘢,1
茎,1
戼,1
扉,1
槸,1
嘶,1
嘻,1
噄,1
噐,1
噢,1
卬,1
卮,1
厅,1
褖,1
荑,1
荡,1
莏,1
莯,1
莼,1
嘱,1
嘳,1
喈,1
棻,1
餎,1
仄,1
仉,1
仍,1
榰,1
榶,1
嗇,1
嗔,1
嗖,1
嗡,1
褤,1
覓,1
规,1
茴,1
厪,1
厭,1
葹,1
蒽,1
蓐,1
衠,1
喎,1
喰,1
扽,1
抓,1
仧,1
仵,1
桕,1
衹,1
袲,1
裁,1
杘,1
枉,1
朌,1
朔,1
鬂,1
鬅,1
鬏,1
朩,1
桅,1
框,1
桬,1
柇,1
柣,1
柪,1
柽,1
栃,1
拈,1
餻,1
饒,1
馍,1
馭,1
栌,1
栛,1
栮,1
榷,1
榼,1
槔,1
梋,1
棃,1
駁,1
騫,1
拂,1
唷,1
啂,1
啃,1
衷,1
髀,1
髅,1
髖,1
髙,1
啱,1
萭,1
萸,1
荏,1
县,1
叀,1
叁,1
唵,1
藘,1
蘔,1
虅,1
虌,1
虐,1
蕈,1
蕖,1
啅,1
朳,1
朸,1
骠,1
呲,1
咄,1
咹,1
蠧,1
蠹,1
旬,1
旮,1
旷,1
昏,1
昧,1
昨,1
昱,1
鱖,1
暯,1
亯,1
朕,1
挻,1
捁,1
捉,1
捋,1
捞,1
曗,1
曙,1
曷,1
昵,1
魁,1
魄,1
魦,1
暟,1
髡,1
枨,1
枲,1
驢,1
驮,1
驰,1
骏,1
曏,1
呈,1
丟,1
呔,1
呣,1
丕,1
蜊,1
虬,1
攒,1
擤,1
黢,1
蚌,1
麿,1
丼,1
蚩,1
蚷,1
严,1
亇,1
丈,1
丅,1
呅,1
攰,1
鹊,1
鹏,1
乞,1
晟,1
捺,1
掦,1
晢,1
晥,1
乩,1
乱,1
亀,1
姦,1
姵,1
粵,1
篳,1
筛,1
筝,1
筧,1
筯,1
蝁,1
蝪,1
蝮,1
虽,1
簪,1
籁,1
籗,1
粆,1
擉,1
擋,1
擗,1
蠂,1
薒,1
薔,1
蜱,1
蜻,1
攔,1
攤,1
攬,1
敪,1
齙,1
齚,1
齜,1
擈,1
